id,class
10001,15
10002,4
10004,5
10008,20
10009,18
10010,4
10011,9
10015,13
10023,5
10027,3
10032,16
10034,9
10035,2
10040,4
10041,17
10043,15
10044,19
10045,5
10048,13
10051,18
10057,17
10060,18
10061,12
10063,10
10068,16
10069,18
10073,8
10080,15
10083,16
10084,3
10089,16
10093,6
10095,10
10097,6
10099,4
10102,3
10104,6
10105,20
10107,7
10115,1
10116,5
10118,10
10123,3
10126,2
10127,1
10129,3
10130,18
10131,18
10134,10
10136,20
10137,17
10139,13
10141,10
10147,3
10148,15
10149,12
10151,16
10152,16
10156,8
10157,17
10158,15
10160,4
10162,17
10167,13
10171,9
10175,13
10177,20
10180,8
10182,4
10184,2
10190,18
10194,20
10195,11
10197,5
10198,12
10202,8
10203,6
10204,8
10209,18
10210,9
10223,12
10226,5
10232,17
10235,8
10236,11
10237,12
10241,19
10242,12
10244,18
10246,17
10247,17
10248,16
10250,8
10251,5
10256,11
10259,1
10260,10
10261,5
10263,13
10264,11
10265,6
10267,16
10269,17
10273,20
10276,20
10285,17
10287,3
10291,17
10296,16
10300,3
10301,17
10304,5
10305,2
10309,5
10310,5
10320,11
10322,12
10323,3
10324,8
10325,10
10329,12
10336,4
10337,20
10338,15
10341,12
10351,18
10352,11
10354,5
10357,17
10358,17
10359,8
10361,7
10364,12
10366,11
10369,2
10370,4
10374,2
10375,9
10377,11
10381,18
10382,20
10384,2
10389,5
10390,19
10392,9
10394,12
10402,20
10404,4
10406,12
10409,4
10410,5
10412,2
10414,11
10417,10
10418,14
10420,14
10423,10
10426,5
10427,10
10434,16
10435,16
10441,20
10452,12
10453,13
10461,2
10462,1
10466,12
10467,2
10468,19
10472,16
10476,19
10480,18
10484,12
10485,2
10488,12
10489,5
10493,10
10494,15
10497,20
10498,20
10500,1
10507,3
10511,9
10519,19
10521,18
10524,15
10526,7
10530,17
10535,4
10536,17
10538,6
10539,4
10552,2
10554,18
10556,18
10558,14
10560,13
10564,9
10566,18
10569,7
10570,17
10571,12
10575,4
10577,10
10583,20
10584,14
10585,2
10589,14
10592,20
10594,17
10595,19
10596,18
10601,5
10606,7
10607,18
10613,20
10615,20
10618,9
10621,9
10626,18
10628,15
10629,4
10633,5
10634,3
10638,6
10642,18
10643,17
10644,8
10646,17
10647,2
10653,19
10655,13
10656,11
10657,4
10666,6
10668,6
10669,11
10670,3
10671,7
10676,3
10679,13
10682,11
10684,12
10685,11
10686,19
10687,1
10688,8
10691,5
10693,7
10700,6
10704,2
10705,3
10707,5
10711,17
10716,10
10717,5
10718,1
10719,3
10725,12
10729,12
10730,18
10732,12
10736,17
10737,18
10738,19
10739,14
10744,14
10749,15
10750,11
10751,4
10753,4
10755,2
10756,20
10757,15
10759,12
10760,3
10761,4
10763,11
10767,11
10768,4
10770,6
10772,6
10774,13
10776,10
10777,10
10778,6
10779,20
10783,13
10784,18
10786,14
10795,15
10798,11
10803,10
10806,6
10807,4
10812,14
10814,20
10816,19
10819,11
10821,13
10825,20
10827,14
10832,17
10833,17
10837,15
10838,15
10839,2
10840,6
10842,12
10847,6
10852,8
10854,12
10856,2
10859,4
10861,12
10862,17
10863,10
10865,6
10866,18
10868,20
10870,3
10873,18
10874,3
10875,17
10881,2
10883,12
10885,5
10886,10
10887,13
10888,11
10890,11
10891,13
10892,4
10894,7
10896,16
10900,10
10905,20
10908,18
10910,18
10917,16
10920,6
10926,4
10938,7
10943,14
10946,18
10950,13
10952,12
10953,3
10957,16
10958,10
10959,18
10962,13
10965,1
10966,20
10967,4
10970,11
10972,5
10974,17
10979,15
10980,10
10986,6
10988,14
10989,13
10990,20
10996,18
10997,9
10999,10
11003,16
11006,6
11015,20
11016,1
11022,4
11023,6
11025,11
11030,6
11032,12
11037,18
11039,11
11048,11
11051,17
11052,10
11054,2
11055,6
11059,5
11061,11
11066,7
11069,13
11073,2
11075,2
11080,14
11085,17
11091,4
11096,8
11100,7
11101,10
11103,4
11104,3
11107,18
11108,14
11122,19
11124,4
11125,3
11126,5
11132,8
11134,10
11136,10
11141,20
11144,20
11145,3
11152,11
11154,20
11156,7
11159,18
11162,8
11165,4
11166,12
11170,6
11172,18
11175,10
11177,2
11179,11
11181,16
11187,20
11188,7
11189,5
11191,10
11197,7
11201,5
11203,8
11206,20
11207,18
11210,2
11214,18
11223,20
11225,13
11226,12
11228,7
11229,7
11233,6
11236,4
11237,17
11238,6
11240,10
11242,4
11246,18
11249,13
11251,13
11254,16
11263,11
11265,20
11269,18
11272,20
11274,4
11277,3
11281,14
11282,4
11284,2
11285,15
11286,17
11289,9
11291,1
11293,1
11294,6
11298,4
11302,20
11307,18
11311,15
11312,7
11315,14
11316,2
11317,5
11318,16
11322,12
11329,1
11330,7
11332,16
11333,6
11335,2
11337,5
11338,8
11342,1
11343,17
11352,10
11353,5
11354,17
11355,1
11357,11
11358,12
11359,1
11360,10
11361,10
11362,2
11365,3
11366,11
11367,5
11372,18
11374,10
11376,2
11381,11
11382,17
11388,6
11392,9
11393,14
11394,3
11397,18
11400,11
11401,18
11404,11
11411,3
11415,7
11416,1
11417,5
11418,12
11419,11
11424,17
11427,11
11430,13
11432,7
11435,8
11436,4
11439,14
11440,9
11442,10
11445,3
11447,6
11450,5
11452,3
11457,2
11458,20
11459,1
11462,18
11463,10
11464,1
11465,18
11470,9
11472,11
11474,4
11476,9
11482,20
11484,18
11491,13
11492,4
11494,14
11500,7
11504,12
11508,5
11512,19
11513,12
11517,18
11520,13
11522,3
11530,20
11533,9
11540,7
11543,11
11545,6
11546,18
11550,7
11551,9
11554,2
11556,6
11562,18
11566,6
11574,18
11575,2
11576,11
11578,16
11579,7
11591,13
11593,12
11594,5
11595,9
11597,11
11604,15
11606,4
11610,12
11612,13
11613,2
11614,13
11615,12
11617,14
11621,2
11624,7
11629,6
11634,18
11642,4
11643,19
11647,9
11650,6
11651,13
11657,4
11659,16
11667,5
11673,18
11675,17
11678,19
11680,19
11681,17
11683,18
11684,18
11685,5
11688,17
11691,6
11693,17
11694,6
11695,1
11697,3
11700,5
11704,9
11705,4
11712,12
11713,1
11716,14
11719,8
11723,17
11726,18
11732,11
11733,5
11737,20
11739,11
11748,4
11750,2
11756,3
11759,5
11764,7
11766,2
11767,16
11769,20
11775,17
11777,6
11778,9
11779,4
11783,18
11786,16
11787,7
11789,10
11792,7
11795,2
11796,10
11798,12
11820,15
11821,6
11823,10
11824,2
11834,20
11835,15
11839,1
11841,2
11842,18
11844,1
11846,20
11847,5
11849,17
11851,17
11852,17
11856,2
11857,17
11859,2
11860,2
11866,19
11867,18
11868,19
11872,7
11875,11
11883,8
11887,19
11888,11
11891,6
11895,5
11898,18
11903,15
11904,14
11912,2
11913,19
11916,3
11920,9
11921,5
11923,17
11924,5
11925,20
11926,2
11927,14
11935,15
11939,2
11941,4
11942,12
11944,11
11945,2
11946,20
11947,17
11948,15
11949,11
11950,7
11952,4
11953,7
11954,6
11961,17
11962,6
11963,10
11964,10
11965,18
11966,2
11971,11
11974,15
11982,9
11984,20
11985,1
11986,19
11987,12
11988,10
11990,2
11991,1
11992,15
11993,18
11996,12
11998,20
11999,11
12001,2
12002,18
12004,20
12008,20
12009,11
12011,12
12018,9
12020,3
12021,5
12024,15
12029,15
12030,15
12035,9
12038,18
12039,1
12049,12
12052,6
12053,2
12054,13
12058,4
12062,1
12064,3
12072,15
12074,13
12081,6
12082,16
12087,10
12089,18
12091,6
12093,16
12094,20
12095,14
12099,11
12100,2
12101,1
12102,19
12105,6
12106,12
12112,20
12114,12
12121,19
12124,18
12127,9
12129,9
12130,4
12132,20
12133,17
12149,17
12152,5
12156,14
12157,11
12158,20
12159,17
12160,6
12161,18
12166,5
12170,12
12171,15
12172,14
12175,11
12176,16
12179,2
12184,18
12188,5
12190,3
12196,11
12197,19
12198,18
12201,15
12203,12
12205,15
12206,10
12208,4
12209,19
12211,19
12215,12
12217,7
12218,4
12219,16
12224,11
12227,16
12231,4
12233,18
12234,7
12237,4
12240,18
12242,9
12243,10
12248,20
12251,5
12268,1
12280,13
12282,19
12286,12
12287,5
12289,9
12290,12
12294,10
12299,7
12301,18
12302,5
12306,11
12308,20
12311,9
12318,11
12323,6
12326,15
12329,11
12334,14
12336,15
12337,18
12339,5
12340,7
12342,2
12343,5
12344,11
12348,12
12359,17
12361,3
12362,12
12363,9
12365,20
12368,16
12374,19
12375,13
12377,11
12378,11
12380,16
12387,11
12388,13
12389,11
12390,18
12397,12
12398,13
12401,17
12404,1
12405,18
12408,20
12409,16
12410,14
12412,9
12413,13
12414,18
12416,10
12417,11
12420,2
12421,3
12428,19
12433,4
12440,11
12441,11
12444,18
12445,17
12447,5
12448,5
12450,12
12452,20
12454,14
12457,9
12461,7
12464,11
12465,18
12467,12
12469,17
12471,12
12472,5
12473,5
12475,17
12476,15
12479,10
12483,3
12487,5
12490,9
12493,1
12495,16
12496,20
12499,17
12504,3
12507,14
12510,19
12512,1
12513,4
12514,19
12520,9
12521,13
12526,3
12531,5
12532,2
12533,17
12537,3
12540,12
12543,13
12544,18
12549,3
12550,18
12553,15
12559,18
12560,4
12562,3
12565,20
12571,10
12573,5
12583,4
12585,7
12586,16
12594,17
12596,13
12598,20
12602,18
12606,12
12610,14
12615,2
12618,17
12621,18
12623,20
12624,1
12629,20
12631,15
12632,14
12640,12
12641,1
12642,7
12645,17
12646,6
12648,19
12650,1
12664,6
12665,5
12666,10
12669,14
12670,6
12671,20
12673,15
12675,3
12676,14
12677,17
12679,3
12680,18
12682,4
12686,12
12691,2
12696,8
12698,6
12703,10
12709,10
12710,16
12714,1
12717,12
12719,2
12720,10
12722,2
12725,18
12726,11
12729,9
12731,18
12733,19
12734,20
12736,20
12737,12
12738,17
12739,18
12743,20
12744,2
12746,1
12748,5
12749,8
12751,11
12752,19
12753,11
12754,4
12756,12
12762,20
12764,6
12765,5
12770,9
12771,2
12773,2
12779,3
12787,18
12788,18
12790,5
12791,18
12792,11
12795,20
12798,20
12800,5
12807,1
12809,12
12810,7
12812,1
12815,5
12816,12
12822,4
12823,16
12829,4
12830,6
12832,13
12833,11
12836,6
12837,5
12839,7
12843,6
12846,1
12847,2
12849,18
12853,2
12859,19
12861,19
12865,20
12866,19
12867,10
12869,20
12872,1
12873,14
12877,16
12878,15
12879,17
12882,20
12883,8
12885,12
12887,20
12888,7
12889,4
12890,11
12906,7
12907,5
12910,10
12914,19
12916,8
12917,6
12919,14
12920,19
12925,6
12929,9
12934,18
12938,18
12940,10
12941,4
12943,15
12944,20
12948,11
12950,11
12960,10
12962,20
12963,1
12964,11
12966,5
12967,9
12969,13
12970,16
12973,15
12975,20
12977,7
12981,12
12983,7
12984,10
12985,9
12994,1
13000,13
13001,5
13005,5
13006,6
13007,16
13008,19
13010,3
13011,11
13013,19
13014,17
13017,5
13022,17
13023,18
13032,19
13033,16
13034,4
13035,3
13036,18
13037,4
13045,6
13049,12
13050,6
13051,18
13058,3
13063,14
13065,18
13067,15
13068,17
13069,18
13072,5
13074,6
13075,13
13076,14
13079,12
13081,2
13090,1
13092,7
13096,6
13097,17
13099,7
13106,5
13108,3
13116,4
13117,3
13119,10
13123,2
13129,11
13136,9
13137,14
13138,6
13139,2
13143,19
13145,20
13146,10
13147,7
13149,19
13153,10
13154,16
13157,20
13160,5
13163,9
13168,17
13169,15
13171,11
13172,20
13176,17
13186,18
13190,18
13194,14
13196,18
13198,4
13200,3
13205,3
13209,7
13215,4
13217,2
13220,7
13223,5
13225,20
13226,17
13227,4
13228,15
13233,12
13235,2
13236,13
13237,5
13238,7
13243,3
13244,17
13251,5
13253,11
13257,13
13258,6
13259,20
13263,15
13266,10
13272,19
13275,15
13278,5
13281,8
13284,10
13288,11
13292,17
13295,14
13296,7
13300,13
13306,18
13307,12
13314,7
13315,17
13318,14
13319,5
13323,20
13325,18
13327,2
13328,9
13331,15
13335,5
13337,2
13339,9
13340,16
13349,9
13352,7
13355,20
13361,18
13362,2
13366,11
13376,19
13381,17
13383,6
13384,18
13385,12
13388,7
13390,1
13392,12
13393,16
13394,19
13398,18
13401,5
13402,9
13404,6
13405,14
13408,4
13414,12
13415,16
13416,13
13417,17
13418,2
13432,8
13433,18
13434,7
13435,1
13440,14
13443,4
13445,2
13446,6
13448,11
13451,16
13453,13
13455,10
13456,13
13457,20
13459,20
13464,8
13468,19
13469,3
13472,11
13473,11
13479,7
13480,7
13484,6
13485,4
13486,13
13488,13
13490,17
13493,6
13494,8
13499,5
13500,16
13501,2
13506,8
13510,5
13511,20
13516,9
13518,9
13523,11
13526,16
13531,3
13534,12
13536,5
13538,3
13541,16
13543,15
13544,6
13545,13
13548,5
13549,12
13550,19
13551,19
13553,14
13560,13
13561,10
13562,10
13567,19
13569,13
13570,12
13572,5
13573,17
13578,19
13580,4
13584,1
13585,5
13586,12
13588,10
13591,20
13593,19
13594,20
13596,20
13597,13
13600,3
13602,5
13605,4
13612,15
13615,5
13616,16
13618,5
13620,8
13621,18
13630,17
13633,20
13638,13
13639,17
13640,14
13646,10
13651,18
13654,7
13655,17
13657,20
13659,13
13660,5
13667,10
13669,1
13670,16
13673,17
13675,15
13678,20
13681,9
13683,7
13685,5
13686,18
13690,20
13700,2
13704,5
13706,18
13708,18
13711,2
13717,10
13718,5
13720,12
13722,20
13724,2
13725,3
13726,5
13731,10
13733,11
13737,15
13738,14
13739,1
13743,4
13744,12
13747,15
13748,2
13751,17
13752,12
13754,18
13755,18
13762,6
13768,11
13769,12
13771,16
13781,5
13782,4
13784,18
13792,11
13794,20
13800,7
13803,3
13808,6
13809,20
13811,19
13814,15
13816,18
13817,8
13824,11
13825,18
13827,6
13829,18
13836,20
13837,4
13840,2
13845,11
13849,1
13851,10
13852,7
13858,4
13865,18
13866,2
13867,17
13874,20
13882,3
13883,6
13888,9
13891,9
13894,20
13896,15
13898,3
13905,1
13906,9
13909,11
13910,1
13912,18
13913,18
13917,18
13920,2
13921,5
13922,20
13923,19
13928,6
13931,11
13933,19
13934,13
13939,20
13941,17
13943,12
13946,6
13951,18
13954,4
13956,16
13960,20
13961,19
13963,6
13967,3
13969,5
13970,5
13971,19
13973,5
13974,15
13975,17
13976,11
13983,5
13984,18
13985,7
13988,3
13989,5
13991,16
13992,12
13998,18
14004,12
14008,5
14009,7
14010,17
14012,19
14014,18
14018,4
14024,10
14028,15
14029,12
14035,13
14049,9
14050,16
14053,6
14054,10
14055,13
14057,15
14061,4
14063,5
14066,11
14067,10
14071,9
14076,10
14077,17
14081,3
14083,17
14084,17
14086,15
14098,3
14101,13
14102,18
14105,13
14107,4
14111,5
14112,18
14113,18
14114,8
14121,9
14125,7
14131,5
14133,7
14139,20
14140,12
14144,11
14146,12
14147,5
14150,19
14152,2
14154,20
14155,6
14158,11
14160,19
14162,20
14163,11
14166,9
14167,8
14171,10
14172,16
14173,11
14184,4
14185,2
14187,3
14188,8
14190,7
14193,11
14195,19
14196,1
14197,19
14200,16
14206,15
14207,13
14208,3
14209,4
14210,10
14214,9
14215,12
14220,15
14222,12
14224,3
14226,2
14229,1
14230,18
14232,7
14233,20
14234,14
14236,7
14241,20
14244,17
14245,17
14246,7
14247,5
14250,7
14251,20
14255,10
14261,7
14262,20
14263,6
14264,18
14269,7
14271,5
14278,12
14279,2
14282,9
14283,17
14284,17
14285,3
14292,17
14294,14
14295,2
14298,10
14299,16
14300,5
14303,9
14304,19
14305,10
14308,16
14311,2
14312,18
14315,9
14318,19
14321,13
14327,2
14330,14
14332,15
14337,4
14340,17
14341,14
14342,11
14345,9
14350,10
14351,12
14352,11
14354,9
14355,18
14357,18
14359,15
14361,10
14363,2
14369,18
14370,17
14373,10
14376,12
14377,7
14378,10
14379,9
14381,17
14385,18
14388,14
14389,1
14390,11
14391,2
14396,4
14399,11
14400,19
14401,18
14404,4
14408,16
14410,6
14425,5
14426,18
14430,20
14431,3
14436,18
14443,1
14445,11
14447,20
14450,17
14452,3
14454,14
14457,5
14458,2
14459,6
14462,5
14463,14
14468,3
14469,18
14471,12
14472,17
14474,3
14476,4
14477,5
14480,9
14482,2
14486,12
14488,6
14489,16
14490,2
14494,5
14504,7
14511,13
14512,7
14513,20
14517,18
14529,12
14532,17
14534,12
14535,1
14536,18
14538,5
14539,18
14540,18
14543,10
14545,20
14547,7
14552,15
14553,15
14555,11
14556,12
14562,9
14563,12
14564,17
14567,15
14572,3
14574,4
14575,20
14585,19
14586,5
14594,12
14597,2
14608,6
14609,7
14615,16
14616,16
14619,20
14620,18
14625,3
14629,3
14631,12
14632,13
14633,5
14635,17
14642,4
14644,13
14646,14
14652,10
14654,18
14655,13
14658,14
14659,19
14662,9
14665,1
14667,4
14669,18
14673,11
14676,19
14677,4
14679,11
14680,11
14681,17
14682,10
14684,5
14685,9
14686,5
14687,18
14688,18
14697,17
14698,20
14699,6
14700,15
14706,12
14707,9
14708,11
14709,9
14716,10
14717,9
14718,10
14721,2
14723,7
14724,15
14728,11
14731,9
14732,13
14734,7
14738,18
14743,13
14745,19
14749,8
14750,19
14751,14
14753,2
14759,10
14760,1
14762,11
14763,2
14766,1
14768,18
14770,12
14771,17
14772,1
14777,6
14779,20
14781,5
14785,13
14786,6
14787,18
14790,9
14792,7
14795,12
14798,20
14800,3
14801,17
14803,11
14812,6
14817,2
14825,2
14828,14
14830,14
14831,5
14840,20
14842,12
14843,5
14845,18
14846,9
14847,12
14848,18
14849,5
14851,6
14852,15
14854,16
14855,10
14856,18
14857,5
14859,4
14861,7
14864,16
14865,7
14872,15
14875,1
14876,10
14878,1
14883,13
14887,15
14890,13
14891,11
14893,13
14895,3
14896,19
14899,10
14903,3
14904,13
14905,16
14907,17
14909,4
14910,8
14911,11
14912,12
14914,14
14919,18
14920,20
14921,20
14922,14
14926,1
14931,15
14933,15
14934,18
14937,18
14939,17
14949,4
14952,2
14954,19
14957,19
14958,13
14959,2
14960,7
14961,13
14971,2
14973,16
14975,3
14976,14
14979,16
14980,8
14981,17
14982,17
14984,5
14986,13
14987,10
14991,7
14993,13
14996,18
14997,10
14998,20
14999,17
15000,9
15002,20
15005,20
15013,17
15014,6
15017,13
15019,6
15020,19
15021,1
15031,2
15036,20
15039,9
15040,4
15050,4
15053,11
15056,6
15057,11
15061,18
15062,7
15063,1
15064,1
15066,10
15067,3
15068,15
15072,2
15075,14
15079,10
15081,13
15083,18
15089,6
15090,4
15091,18
15096,5
15097,18
15102,7
15105,1
15107,10
15108,1
15109,3
15111,3
15113,5
15119,10
15120,19
15121,14
15122,18
15123,12
15124,3
15126,15
15127,19
15129,18
15140,16
15142,1
15144,5
15145,15
15147,12
15149,2
15152,2
15156,8
15157,5
15158,13
15160,4
15162,12
15164,17
15169,7
15172,13
15173,7
15175,16
15181,7
15184,9
15185,4
15187,18
15189,7
15191,12
15192,11
15194,6
15195,19
15197,2
15199,2
15202,17
15207,13
15209,8
15211,10
15214,19
15217,6
15223,3
15224,11
15226,9
15227,6
15228,7
15229,5
15236,18
15243,10
15245,11
15247,3
15252,6
15254,1
15257,18
15258,5
15266,9
15269,10
15276,3
15278,16
15282,18
15285,2
15286,14
15293,18
15304,4
15307,9
15314,20
15315,17
15321,11
15324,12
15325,2
15327,20
15335,4
15345,4
15347,10
15348,15
15353,2
15354,19
15357,17
15361,17
15367,18
15368,11
15369,10
15372,12
15382,10
15383,17
15387,6
15390,18
15393,19
15394,2
15396,17
15397,7
15398,8
15400,17
15403,18
15408,11
15413,5
15418,16
15419,3
15420,18
15421,2
15433,20
15434,17
15435,12
15443,18
15444,6
15446,10
15447,1
15449,19
15450,20
15451,7
15455,9
15456,8
15461,6
15463,12
15464,4
15471,9
15473,6
15475,4
15477,11
15480,18
15481,3
15483,17
15484,2
15486,6
15489,5
15490,5
15503,10
15505,11
15506,10
15512,1
15515,9
15517,12
15518,11
15520,10
15521,12
15524,19
15525,10
15526,13
15528,9
15531,3
15534,18
15536,17
15538,1
15540,16
15545,4
15549,7
15556,1
15558,2
15559,9
15561,6
15562,5
15563,16
15570,11
15573,13
15574,9
15577,3
15578,16
15579,9
15581,6
15586,5
15589,6
15592,18
15594,18
15595,6
15596,18
15598,18
15599,4
15600,15
15607,20
15610,12
15612,17
15616,14
15617,5
15620,8
15621,18
15622,6
15627,4
15628,3
15630,5
15634,1
15635,4
15637,20
15641,19
15644,13
15647,20
15648,20
15650,7
15653,19
15654,5
15655,14
15658,11
15660,16
15664,4
15665,1
15666,9
15669,11
15670,2
15674,5
15676,6
15677,15
15678,15
15686,18
15693,4
15694,9
15705,15
15710,12
15712,7
15717,12
15719,13
15720,2
15724,18
15729,10
15731,3
15732,11
15733,10
15735,4
15738,5
15739,13
15740,13
15741,9
15743,13
15745,10
15748,17
15751,9
15752,11
15756,6
15759,6
15761,11
15764,7
15766,11
15773,11
15775,10
15776,15
15778,20
15779,11
15784,20
15790,18
15792,10
15794,4
15797,11
15799,2
15802,12
15803,12
15804,2
15805,2
15811,11
15816,4
15818,20
15820,6
15823,18
15824,8
15827,18
15829,1
15831,17
15833,14
15834,5
15836,10
15838,4
15840,10
15841,3
15844,7
15848,11
15849,18
15850,4
15853,11
15856,6
15858,1
15859,10
15862,18
15867,19
15870,3
15877,7
15883,9
15884,3
15885,1
15888,12
15889,19
15895,10
15897,3
15904,5
15905,4
15906,1
15908,1
15917,10
15920,11
15921,6
15923,12
15924,18
15929,5
15935,3
15939,13
15940,12
15943,9
15944,15
15949,2
15958,14
15962,12
15965,10
15968,16
15969,7
15970,5
15975,3
15976,4
15993,11
15995,9
15998,8
16000,11
16001,6
16003,8
16005,19
16008,3
16015,2
16017,9
16018,18
16019,11
16020,11
16023,8
16030,10
16036,9
16038,15
16039,11
16041,14
16046,2
16047,2
16050,1
16056,9
16057,6
16060,2
16064,12
16065,2
16070,4
16071,11
16072,14
16073,2
16074,5
16076,13
16079,15
16085,11
16090,1
16093,13
16097,6
16098,1
16101,14
16103,4
16107,11
16112,12
16114,10
16117,7
16119,9
16122,9
16123,9
16124,4
16125,11
16126,9
16128,15
16131,17
16139,5
16144,12
16150,10
16151,5
16152,6
16153,18
16156,3
16157,18
16160,10
16165,17
16168,15
16169,5
16171,17
16172,12
16175,12
16176,10
16181,2
16182,8
16188,5
16193,10
16198,7
16203,1
16209,1
16212,13
16215,20
16216,11
16220,5
16223,13
16224,18
16225,17
16235,4
16243,13
16246,10
16251,18
16255,1
16258,6
16260,5
16262,20
16265,16
16267,10
16271,7
16274,17
16275,7
16277,12
16278,3
16279,16
16280,6
16282,2
16284,20
16288,7
16289,16
16297,16
16298,15
16302,7
16303,1
16306,12
16307,11
16313,3
16315,10
16316,1
16320,3
16325,12
16326,18
16329,9
16335,15
16340,2
16345,7
16349,9
16352,1
16353,7
16361,7
16363,5
16364,2
16366,11
16369,12
16372,19
16376,9
16377,20
16380,10
16381,18
16383,19
16384,14
16385,14
16387,6
16391,13
16392,2
16396,1
16400,18
16405,12
16408,5
16413,20
16415,2
16416,12
16419,12
16421,3
16426,20
16434,7
16435,20
16437,13
16439,5
16449,12
16456,13
16457,10
16460,20
16461,9
16462,12
16466,2
16468,11
16473,4
16487,16
16489,10
16490,20
16494,20
16495,13
16500,13
16505,3
16506,1
16507,17
16512,11
16513,6
16515,17
16517,5
16518,11
16519,19
16521,18
16523,5
16524,7
16527,3
16530,13
16540,2
16544,7
16548,12
16551,18
16557,11
16562,1
16565,7
16570,20
16571,2
16573,17
16575,4
16577,19
16578,11
16579,6
16580,13
16587,5
16590,13
16591,8
16592,2
16593,10
16594,20
16601,11
16604,1
16605,6
16607,13
16616,12
16618,20
16621,13
16623,5
16624,6
16625,5
16626,12
16627,13
16629,17
16634,13
16635,10
16637,7
16639,20
16641,3
16644,18
16646,9
16648,2
16650,3
16653,9
16654,17
16656,11
16663,18
16664,2
16667,17
16670,18
16671,20
16681,17
16691,3
16692,9
16693,15
16709,13
16710,2
16711,2
16719,12
16720,2
16721,5
16724,3
16726,6
16728,20
16729,19
16731,4
16732,2
16742,20
16745,12
16747,2
16748,17
16749,4
16752,5
16756,7
16760,2
16761,3
16762,20
16766,19
16769,7
16770,4
16775,19
16776,17
16777,9
16778,4
16781,20
16784,19
16791,3
16792,18
16793,20
16795,5
16796,7
16799,2
16800,11
16810,17
16811,20
16817,18
16820,15
16828,17
16832,6
16833,12
16835,19
16840,5
16841,1
16844,18
16848,13
16852,11
16854,13
16858,10
16859,17
16864,15
16869,5
16870,2
16873,3
16874,7
16876,18
16878,11
16881,12
16885,18
16892,20
16895,5
16896,19
16898,17
16900,3
16907,12
16910,2
16913,4
16915,20
16916,17
16920,15
16921,7
16922,6
16926,15
16927,19
16928,15
16931,11
16933,4
16934,18
16940,10
16941,20
16944,18
16947,10
16948,11
16949,12
16952,7
16953,12
16954,5
16961,9
16964,14
16965,11
16966,10
16967,20
16970,18
16972,13
16974,6
16975,3
16976,2
16977,12
16979,10
16981,14
16985,5
16986,13
16988,17
16990,1
16992,15
17001,10
17004,8
17005,8
17008,15
17010,10
17016,15
17018,18
17020,9
17021,12
17030,11
17034,4
17041,11
17044,20
17045,11
17047,2
17048,19
17049,9
17053,2
17058,6
17059,10
17061,10
17063,1
17065,12
17068,3
17069,17
17070,5
17074,5
17079,1
17082,13
17086,5
17087,16
17093,5
17094,16
17095,11
17097,11
17099,11
17100,2
17101,18
17102,11
17104,9
17105,18
17107,17
17108,13
17110,16
17115,1
17116,14
17118,4
17120,2
17121,9
17124,12
17125,12
17130,12
17131,2
17132,3
17138,19
17139,6
17140,8
17155,7
17158,3
17160,12
17162,2
17165,18
17166,2
17169,20
17177,20
17183,4
17185,4
17186,19
17188,18
17189,15
17192,17
17193,18
17195,3
17196,13
17203,12
17206,6
17207,12
17209,3
17213,19
17215,13
17219,11
17222,19
17224,8
17227,10
17229,5
17235,19
17244,12
17245,13
17246,5
17247,20
17248,2
17250,7
17253,6
17257,12
17258,5
17259,2
17261,6
17263,12
17264,16
17265,5
17269,6
17273,10
17274,13
17281,12
17283,8
17288,20
17290,20
17298,10
17300,13
17301,2
17302,12
17304,1
17307,2
17310,15
17315,17
17320,16
17323,18
17325,12
17330,1
17333,10
17334,10
17336,6
17344,18
17345,17
17352,4
17354,16
17356,6
17357,4
17358,9
17360,4
17361,15
17366,6
17367,6
17368,16
17369,15
17370,5
17372,18
17377,14
17380,7
17384,11
17388,3
17389,16
17390,11
17392,20
17395,2
17396,2
17397,20
17401,15
17402,12
17408,2
17411,8
17419,10
17421,9
17425,7
17426,20
17432,13
17437,19
17441,20
17445,11
17448,18
17453,20
17456,7
17462,18
17466,12
17467,12
17469,2
17471,10
17479,17
17484,10
17487,6
17490,20
17491,20
17494,3
17497,17
17501,9
17506,12
17508,17
17509,7
17511,10
17516,5
17517,13
17524,20
17531,11
17532,9
17537,6
17539,8
17542,7
17547,19
17553,11
17556,10
17560,5
17564,13
17566,5
17570,7
17573,16
17574,17
17579,12
17581,6
17582,2
17584,17
17586,3
17587,18
17589,13
17593,12
17597,9
17600,7
17602,7
17604,5
17607,9
17611,9
17613,12
17614,14
17616,17
17619,19
17621,5
17628,4
17633,11
17634,4
17635,6
17646,17
17651,11
17652,7
17662,20
17664,6
17665,5
17670,16
17671,9
17675,5
17676,9
17677,17
17680,16
17686,4
17687,2
17688,13
17691,18
17693,11
17695,2
17697,11
17700,11
17706,4
17707,17
17709,16
17710,1
17715,6
17716,17
17717,14
17719,4
17720,3
17721,3
17722,4
17730,20
17732,12
17737,7
17738,2
17739,10
17743,20
17744,4
17745,13
17747,2
17748,12
17749,15
17752,4
17755,10
17757,20
17759,4
17763,4
17769,12
17771,3
17772,3
17775,8
17779,12
17781,11
17783,4
17790,13
17791,5
17792,20
17796,12
17799,11
17801,10
17803,9
17804,19
17808,20
17813,8
17815,17
17816,6
17819,6
17820,3
17821,20
17823,4
17824,18
17828,17
17830,5
17833,11
17839,13
17843,14
17848,7
17849,6
17850,7
17852,6
17853,3
17862,18
17863,5
17865,18
17871,3
17873,7
17874,9
17875,10
17877,4
17882,6
17885,1
17891,11
17893,7
17896,4
17899,9
17901,11
17903,3
17909,2
17910,16
17915,7
17917,8
17919,17
17924,20
17925,12
17928,17
17931,17
17935,19
17940,17
17941,20
17942,20
17947,11
17948,11
17949,6
17950,4
17953,11
17969,16
17978,18
17979,10
17980,18
17982,7
17984,10
17985,11
17989,20
17992,12
17994,15
17995,16
17998,11
18003,11
18004,17
18006,12
18011,10
18012,14
18013,20
18014,6
18017,19
18019,9
18021,15
18023,6
18025,20
18027,2
18029,14
18030,16
18032,3
18037,8
18038,19
18039,18
18041,3
18042,3
18043,7
18047,8
18049,17
18051,18
18052,4
18058,12
18059,14
18060,12
18064,5
18068,11
18069,4
18073,18
18074,2
18078,19
18081,18
18082,11
18085,17
18094,7
18098,10
18099,7
18102,18
18103,1
18107,15
18112,6
18115,12
18117,18
18123,1
18125,13
18126,17
18130,18
18132,14
18137,4
18139,17
18140,12
18142,17
18146,12
18148,5
18151,7
18156,9
18160,1
18161,11
18162,4
18163,5
18164,12
18167,11
18168,1
18171,12
18176,3
18179,3
18180,14
18182,1
18184,8
18185,2
18190,5
18191,4
18195,16
18196,12
18204,15
18205,13
18207,1
18211,6
18213,4
18215,10
18216,10
18220,9
18224,15
18229,1
18231,7
18232,18
18236,4
18239,18
18249,10
18250,12
18255,10
18258,5
18259,18
18271,17
18272,18
18278,1
18282,13
18284,20
18285,10
18288,4
18290,1
18292,3
18295,3
18296,15
18297,11
18300,17
18305,18
18306,2
18307,12
18308,2
18309,5
18319,4
18322,7
18329,9
18330,7
18331,10
18334,2
18336,12
18339,11
18344,17
18345,19
18346,6
18347,12
18353,18
18358,2
18359,13
18364,18
18369,15
18370,4
18373,11
18374,12
18375,18
18379,11
18382,3
18386,5
18388,8
18392,12
18397,15
18398,14
18399,1
18404,12
18409,2
18413,9
18414,9
18420,12
18424,5
18426,9
18428,12
18431,11
18436,5
18437,10
18439,6
18440,9
18441,11
18442,5
18448,10
18454,5
18455,11
18457,19
18458,1
18459,13
18462,5
18466,16
18472,11
18473,11
18474,1
18475,11
18478,15
18479,16
18480,11
18481,18
18489,9
18492,16
18493,18
18494,8
18500,5
18510,12
18516,20
18520,14
18522,20
18532,19
18533,1
18535,17
18536,2
18540,12
18542,13
18543,14
18545,2
18546,9
18549,6
18550,2
18551,4
18554,16
18557,8
18558,3
18565,12
18579,11
18581,6
18582,3
18591,2
18594,2
18595,14
18601,19
18603,12
18619,14
18620,3
18621,6
18626,15
18632,11
18635,9
18638,13
18639,12
18640,10
18642,18
18643,18
18646,14
18647,4
18653,2
18657,6
18659,10
18662,3
18663,6
18665,16
18669,19
18672,5
18674,8
18675,16
18677,1
18680,19
18690,17
18697,15
18698,19
18699,5
18700,20
18702,10
18706,13
18711,6
18712,11
18714,17
18716,13
18718,6
18721,18
18723,16
18726,12
18727,6
18728,4
18730,14
18735,2
18742,5
18748,18
18755,1
18758,12
18761,9
18768,1
18773,8
18776,5
18777,7
18784,17
18785,5
18789,2
18791,18
18793,10
18794,11
18797,13
18799,18
18800,9
18803,5
18804,5
18807,4
18811,19
18816,16
18817,3
18818,14
18819,2
18820,4
18822,17
18824,16
18826,4
18827,1
18828,2
18831,9
18833,20
18835,4
18837,6
18841,4
18843,14
18846,10
18850,3
18851,2
18852,7
18856,6
18859,20
18860,15
18861,5
18862,19
18876,10
18881,19
18882,4
18885,16
18886,12
18887,3
18888,13
18889,14
18890,17
18891,16
18892,19
18897,3
18901,10
18903,4
18904,5
18907,6
18911,10
18914,9
18918,10
18921,18
18925,16
18928,9
18929,7
18933,20
18945,1
18947,7
18948,17
18954,16
18957,12
18959,17
18960,1
18962,11
18964,18
18968,5
18971,13
18976,20
18979,11
18980,20
18983,16
18986,14
18991,9
18993,18
18994,3
18997,8
18999,12
19000,18
19001,3
19002,10
19012,13
19013,6
19016,2
19017,19
19020,11
19021,4
19023,11
19027,17
19028,6
19035,19
19036,18
19039,2
19043,19
19045,10
19047,19
19050,3
19054,8
19058,5
19062,20
19064,13
19067,11
19069,19
19071,4
19074,12
19077,16
19082,11
19088,4
19091,16
19093,11
19095,5
19097,12
19105,2
19108,8
19110,5
19112,16
19113,7
19114,3
19121,1
19122,7
19124,1
19125,14
19126,10
19130,6
19133,3
19134,18
19136,10
19138,11
19139,11
19142,7
19149,19
19153,16
19158,10
19161,17
19165,2
19168,2
19173,6
19174,15
19178,9
19179,2
19180,13
19181,2
19182,15
19184,17
19187,2
19189,10
19190,16
19196,2
19202,5
19205,1
19207,5
19208,4
19209,19
19218,9
19221,2
19223,3
19224,17
19225,18
19226,11
19230,19
19231,20
19232,19
19233,15
19238,20
19242,11
19246,5
19247,12
19248,9
19250,17
19251,9
19261,13
19262,12
19266,4
19276,14
19279,18
19280,18
19292,5
19295,18
19296,11
19299,13
19303,5
19305,17
19309,9
19310,18
19314,17
19315,19
19320,11
19322,6
19329,13
19338,3
19347,2
19348,3
19350,2
19356,11
19361,3
19362,17
19367,2
19373,12
19376,7
19382,17
19386,7
19388,6
19393,15
19394,18
19397,3
19398,15
19400,18
19407,18
19408,18
19412,9
19417,20
19419,5
19420,10
19421,3
19428,5
19429,18
19430,1
19437,3
19443,11
19448,5
19451,10
19454,5
19458,19
19461,19
19467,17
19468,17
19469,20
19470,17
19475,2
19478,7
19479,11
19480,11
19481,7
19485,19
19486,3
19487,10
19497,20
19499,8
19500,13
19501,12
19502,17
19503,17
19504,3
19505,5
19506,15
19509,9
19511,2
19512,15
19513,18
19518,19
19520,16
19523,18
19525,4
19529,8
19531,5
19532,17
19533,2
19535,15
19539,13
19540,10
19545,18
19546,9
19551,4
19554,3
19556,4
19557,18
19559,6
19563,3
19567,2
19568,3
19569,2
19573,20
19576,5
19581,3
19584,2
19585,5
19587,4
19588,13
19600,19
19601,3
19603,4
19605,3
19607,17
19608,8
19609,20
19612,8
19618,10
19619,2
19621,5
19622,3
19623,16
19624,5
19625,6
19628,4
19631,15
19632,1
19633,14
19634,5
19637,20
19638,19
19645,16
19646,11
19648,8
19651,8
19653,9
19655,6
19663,16
19669,13
19672,18
19673,14
19674,11
19681,12
19682,10
19683,6
19684,20
19686,2
19688,10
19689,6
19690,13
19691,4
19693,17
19694,1
19696,14
19698,12
19700,6
19702,1
19703,11
19706,2
19709,20
19710,14
19712,6
19715,10
19717,20
19723,19
19729,18
19732,9
19733,17
19737,2
19739,6
19740,14
19742,1
19744,8
19746,18
19752,5
19756,6
19759,17
19760,12
19762,15
19763,3
19765,15
19766,11
19767,10
19768,6
19774,4
19779,20
19783,2
19785,18
19787,8
19789,5
19790,7
19794,7
19801,18
19802,17
19805,5
19806,13
19808,19
19812,4
19820,5
19834,18
19836,5
19837,5
19838,12
19839,19
19841,20
19847,18
19850,11
19853,18
19854,20
19858,3
19860,7
19864,12
19865,6
19867,6
19870,4
19875,1
19878,16
19884,15
19886,18
19888,20
19889,10
19891,10
19895,18
19897,5
19899,10
19900,19
19902,14
19909,1
19918,18
19920,11
19921,6
19925,10
19936,11
19939,16
19941,4
19942,18
19948,7
19950,16
19958,3
19959,20
19960,5
19961,3
19965,8
19971,2
19972,11
19973,3
19974,2
19980,20
19981,11
19982,2
19990,5
19991,2
19992,15
19996,5
19997,4
19998,8
19999,20
20001,10
20003,8
20006,3
20014,6
20015,20
20017,18
20018,12
20019,19
20022,10
20025,5
20031,12
20032,12
20036,15
20037,13
20045,9
20046,18
20049,17
20054,3
20055,20
20060,12
20063,5
20064,5
20068,10
20070,13
20079,8
20081,6
20082,15
20083,18
20085,5
20087,5
20093,1
20095,10
20099,1
20105,14
20107,7
20108,2
20109,3
20110,11
20111,13
20113,10
20114,18
20115,17
20118,6
20119,4
20120,8
20122,10
20125,14
20127,20
20128,16
20132,6
20133,18
20134,3
20136,3
20139,1
20140,12
20144,10
20145,13
20149,10
20152,13
20153,4
20154,2
20155,2
20158,13
20161,12
20162,1
20168,10
20174,17
20183,13
20185,2
20189,14
20190,7
20191,19
20195,7
20196,12
20198,5
20202,12
20206,18
20207,19
20213,5
20214,2
20216,10
20218,16
20226,5
20228,7
20233,1
20234,11
20240,13
20242,11
20246,9
20248,6
20249,11
20250,13
20252,4
20253,16
20254,3
20259,7
20261,17
20264,10
20265,17
20268,4
20269,18
20270,14
20272,1
20274,14
20276,15
20285,6
20286,5
20290,16
20292,7
20293,6
20294,15
20296,2
20297,11
20304,9
20309,7
20310,6
20316,14
20319,7
20320,7
20323,11
20324,12
20329,10
20331,12
20332,17
20333,1
20334,5
20340,12
20341,12
20342,2
20344,16
20345,8
20346,17
20348,2
20353,20
20355,5
20360,14
20361,10
20362,16
20366,19
20368,19
20372,18
20376,13
20389,9
20396,20
20399,16
20402,19
20409,18
20411,18
20417,18
20421,12
20423,13
20426,14
20427,20
20428,2
20438,11
20443,12
20444,14
20445,11
20446,4
20447,5
20448,18
20449,13
20450,3
20451,15
20452,20
20454,20
20459,17
20461,6
20463,10
20464,4
20465,9
20466,2
20470,20
20472,18
20476,5
20478,8
20481,2
20486,10
20491,17
20496,18
20499,8
20509,1
20510,15
20514,15
20516,6
20518,18
20519,11
20520,18
20522,19
20523,16
20524,2
20528,18
20531,18
20533,11
20545,1
20548,17
20550,3
20551,2
20554,2
20556,4
20561,12
20567,9
20570,16
20575,18
20577,12
20579,12
20585,2
20587,11
20589,19
20590,4
20594,15
20595,6
20596,7
20601,2
20602,1
20603,3
20606,19
20608,12
20609,20
20614,14
20615,20
20616,12
20617,18
20618,17
20620,6
20621,2
20623,12
20624,1
20627,6
20628,17
20629,2
20630,19
20633,12
20634,14
20637,16
20640,1
20641,7
20643,20
20645,6
20646,11
20653,11
20654,1
20655,20
20656,5
20657,8
20662,18
20665,7
20667,10
20669,12
20670,2
20672,18
20673,17
20678,13
20687,10
20688,18
20691,20
20693,4
20699,20
20701,3
20705,6
20706,5
20707,18
20708,4
20709,10
20711,2
20714,1
20715,11
20720,20
20722,12
20723,10
20725,1
20731,10
20739,9
20741,4
20742,14
20751,3
20762,17
20763,10
20765,20
20767,16
20771,10
20778,16
20783,9
20784,16
20787,5
20789,6
20792,1
20797,6
20801,16
20802,8
20803,20
20810,12
20812,2
20816,6
20822,11
20826,1
20827,20
20829,20
20831,17
20841,5
20845,17
20848,4
20853,2
20855,6
20857,11
20861,17
20862,5
20864,20
20865,17
20866,1
20868,6
20870,16
20872,18
20873,12
20878,18
20880,4
20886,9
20887,11
20888,3
20889,1
20891,12
20893,5
20898,1
20899,3
20901,20
20906,11
20907,19
20908,5
20911,11
20914,18
20915,1
20916,3
20919,2
20922,20
20924,13
20928,4
20934,7
20943,11
20946,9
20950,10
20951,12
20952,2
20953,9
20954,20
20966,5
20968,17
20972,17
20973,12
20975,12
20981,19
20983,17
20985,3
20988,6
20989,6
20990,18
20991,7
20992,12
20993,12
20996,8
20997,19
20998,5
20999,12
21000,2
21002,19
21010,9
21013,9
21017,7
21018,18
21019,15
21023,7
21035,9
21038,17
21047,11
21055,17
21061,12
21063,4
21068,11
21073,18
21078,2
21079,5
21080,13
21081,12
21096,12
21097,18
21098,20
21103,7
21104,18
21106,9
21109,18
21111,17
21114,6
21120,5
21122,2
21123,17
21125,11
21126,12
21127,12
21128,16
21130,7
21132,9
21133,3
21134,18
21137,2
21138,12
21139,17
21140,8
21145,3
21147,3
21148,14
21151,10
21153,2
21154,17
21156,10
21163,12
21165,14
21166,2
21168,18
21178,18
21180,12
21188,3
21189,18
21190,9
21191,20
21192,20
21193,5
21196,12
21202,6
21203,18
21204,9
21209,7
21210,12
21211,1
21212,7
21213,8
21214,10
21215,13
21221,18
21222,1
21223,13
21224,18
21226,11
21232,2
21234,7
21236,9
21238,9
21241,20
21252,18
21255,2
21257,18
21259,3
21263,12
21264,3
21265,1
21267,5
21268,17
21269,18
21273,7
21279,17
21288,3
21297,6
21300,13
21302,10
21304,11
21308,18
21312,15
21314,1
21315,5
21317,17
21319,7
21321,18
21323,12
21329,11
21331,12
21333,5
21336,5
21338,10
21340,5
21342,6
21345,11
21346,4
21347,13
21354,17
21361,13
21362,5
21365,18
21366,18
21368,8
21369,17
21371,3
21377,17
21379,5
21384,4
21385,4
21386,20
21393,10
21397,7
21398,16
21404,3
21405,14
21409,8
21410,14
21413,12
21422,6
21424,10
21426,5
21427,18
21428,15
21429,6
21430,19
21432,5
21439,6
21441,11
21447,14
21449,4
21451,15
21453,6
21454,10
21457,2
21459,3
21465,5
21470,12
21472,6
21474,2
21477,12
21484,9
21487,14
21489,3
21491,1
21496,7
21502,12
21505,20
21509,5
21514,20
21515,18
21521,14
21522,1
21524,19
21525,4
21530,15
21533,10
21538,18
21542,1
21546,18
21547,6
21548,19
21552,18
21554,20
21564,12
21565,8
21569,9
21571,2
21577,18
21583,5
21585,9
21591,20
21592,15
21593,2
21594,12
21595,6
21602,2
21603,10
21605,5
21606,11
21607,15
21610,9
21614,2
21620,10
21621,20
21623,18
21625,14
21626,2
21627,3
21630,6
21634,18
21636,5
21637,18
21639,15
21641,5
21642,10
21644,4
21646,20
21661,1
21665,11
21666,4
21668,13
21675,14
21678,20
21679,14
21682,11
21687,18
21688,9
21691,10
21695,19
21696,9
21697,9
21698,11
21700,5
21707,2
21717,6
21718,7
21720,11
21721,7
21722,20
21723,18
21724,18
21727,4
21730,7
21735,1
21736,18
21737,3
21738,11
21742,3
21744,17
21747,1
21749,6
21753,5
21754,2
21755,12
21756,4
21757,9
21759,2
21760,6
21764,18
21765,3
21766,13
21767,11
21769,12
21771,19
21774,2
21775,14
21777,17
21778,7
21780,6
21781,9
21784,4
21791,4
21793,12
21796,5
21801,20
21803,15
21806,12
21809,13
21811,19
21813,1
21815,17
21816,18
21817,9
21819,2
21822,15
21824,20
21826,7
21827,12
21830,9
21833,14
21834,4
21835,12
21836,20
21840,1
21843,16
21845,4
21847,3
21850,7
21851,6
21852,10
21854,19
21855,12
21857,1
21858,7
21859,11
21864,7
21869,11
21873,11
21874,17
21875,7
21876,11
21881,18
21883,16
21884,2
21887,18
21891,18
21897,5
21901,20
21906,4
21911,12
21912,17
21913,12
21916,20
21922,17
21925,5
21928,11
21931,20
21938,10
21939,3
21941,14
21942,2
21945,18
21948,9
21954,8
21959,4
21961,16
21964,13
21969,18
21979,8
21981,20
21983,12
21984,16
21985,17
21986,4
21989,18
21990,5
21993,3
21994,7
21998,9
21999,17
22000,10
22002,10
22005,3
22006,18
22010,20
22011,14
22012,11
22015,7
22018,9
22026,8
22033,10
22036,5
22037,1
22040,12
22041,12
22043,18
22045,1
22047,1
22048,12
22049,11
22050,3
22051,17
22055,6
22057,12
22061,3
22062,5
22067,4
22068,16
22069,4
22072,4
22076,16
22077,7
22079,11
22080,7
22082,4
22083,20
22086,1
22089,5
22090,13
22098,15
22100,16
22102,12
22103,6
22107,10
22108,15
22111,10
22114,12
22117,5
22118,13
22119,2
22120,6
22122,2
22125,15
22128,13
22131,20
22132,18
22135,9
22138,20
22139,9
22142,17
22144,1
22147,7
22149,4
22151,3
22153,19
22160,2
22161,10
22166,2
22167,6
22169,16
22175,19
22178,12
22180,9
22181,20
22182,16
22186,19
22188,20
22189,18
22190,12
22195,10
22196,13
22201,9
22205,11
22207,10
22209,2
22213,7
22215,12
22217,3
22218,19
22223,14
22224,14
22225,12
22228,4
22229,3
22233,15
22234,8
22235,20
22239,11
22246,10
22247,11
22255,5
22256,14
22260,11
22261,10
22262,6
22270,9
22271,11
22276,15
22277,20
22278,3
22280,3
22282,18
22285,16
22287,18
22289,15
22299,11
22310,19
22311,5
22315,20
22317,1
22318,20
22323,19
22327,11
22328,12
22330,18
22337,12
22341,1
22348,20
22350,17
22351,10
22353,3
22354,13
22355,20
22356,19
22357,7
22358,5
22359,9
22367,17
22372,6
22374,18
22377,16
22380,11
22382,9
22384,10
22385,4
22387,3
22388,5
22395,6
22398,9
22400,17
22401,8
22403,11
22405,2
22408,9
22418,8
22422,18
22424,2
22427,5
22430,5
22431,9
22433,17
22434,6
22435,3
22446,10
22450,9
22451,12
22452,2
22453,9
22458,7
22461,9
22463,9
22465,12
22467,4
22468,14
22469,6
22470,6
22478,5
22479,17
22481,5
22486,12
22492,12
22495,11
22496,10
22499,3
22500,3
22501,10
22502,8
22505,2
22509,5
22510,10
22522,9
22524,1
22528,19
22530,9
22534,12
22536,11
22537,12
22538,18
22546,4
22547,11
22548,14
22552,7
22554,11
22556,10
22557,5
22559,9
22560,9
22562,18
22566,4
22567,2
22568,3
22569,4
22570,14
22578,5
22579,13
22581,15
22584,17
22585,12
22588,8
22591,3
22592,1
22594,20
22597,13
22598,18
22603,12
22605,6
22607,20
22608,10
22613,4
22618,14
22619,7
22624,2
22625,5
22629,12
22631,10
22633,20
22635,4
22638,1
22640,10
22641,5
22642,10
22643,15
22648,3
22652,18
22659,4
22660,2
22662,9
22665,20
22666,5
22667,3
22669,18
22672,20
22673,7
22675,14
22681,3
22685,1
22688,10
22690,4
22693,11
22696,18
22698,9
22701,9
22707,20
22709,10
22713,8
22717,11
22719,12
22721,20
22723,4
22728,4
22729,11
22732,6
22734,12
22741,12
22742,17
22744,15
22746,14
22750,20
22751,11
22752,11
22754,2
22760,7
22761,7
22764,13
22765,2
22766,19
22767,13
22768,5
22769,14
22775,5
22777,16
22779,5
22780,2
22782,19
22785,13
22786,3
22788,7
22790,1
22793,17
22795,6
22800,5
22803,15
22805,18
22810,18
22812,4
22815,3
22816,11
22818,15
22821,15
22822,2
22824,17
22826,13
22830,4
22833,5
22837,8
22839,16
22840,6
22841,20
22842,4
22847,11
22848,20
22853,6
22858,11
22863,4
22864,5
22868,14
22871,12
22872,18
22873,13
22874,12
22882,17
22883,4
22889,12
22890,12
22894,3
22898,15
22902,7
22903,8
22908,7
22912,3
22914,2
22916,3
22918,13
22919,12
22921,20
22922,20
22923,13
22925,6
22926,5
22930,3
22931,3
22933,4
22939,13
22941,12
22942,12
22943,4
22945,6
22948,19
22950,9
22958,16
22959,18
22962,2
22965,18
22966,8
22969,12
22971,17
22972,12
22975,4
22976,11
22977,17
22979,18
22981,15
22982,16
22983,17
22985,9
22986,6
22987,3
22988,11
22992,1
22993,11
22995,14
22997,15
23000,10
23008,19
23012,16
23015,1
23025,2
23026,5
23031,13
23032,15
23034,4
23036,20
23037,8
23038,6
23045,11
23049,18
23053,13
23059,6
23060,16
23062,7
23063,20
23065,3
23066,4
23068,8
23070,18
23072,12
23074,1
23075,17
23076,13
23077,11
23086,14
23087,12
23088,1
23090,13
23091,9
23092,6
23095,13
23096,15
23098,11
23101,10
23102,10
23106,12
23111,8
23112,3
23114,9
23124,15
23126,1
23127,3
23131,13
23133,15
23134,7
23135,11
23136,12
23138,20
23139,4
23142,18
23143,11
23152,12
23153,18
23156,6
23158,12
23159,15
23163,20
23167,16
23168,17
23169,18
23171,11
23174,1
23175,2
23177,12
23178,6
23187,10
23189,3
23194,1
23195,11
23196,18
23198,20
23199,12
23204,2
23209,18
23211,14
23216,7
23217,20
23218,2
23219,3
23220,7
23222,18
23225,14
23228,5
23231,4
23234,5
23235,8
23239,11
23244,4
23246,11
23247,15
23255,18
23256,18
23261,7
23265,6
23266,5
23276,15
23279,4
23282,1
23285,5
23286,5
23292,19
23294,9
23297,3
23300,10
23302,12
23304,10
23306,13
23307,11
23312,18
23315,7
23317,1
23319,18
23322,12
23323,20
23329,1
23331,4
23333,18
23336,20
23337,6
23339,4
23342,15
23344,12
23347,4
23349,5
23350,18
23354,9
23362,1
23363,3
23364,15
23367,15
23372,13
23375,18
23382,16
23389,11
23393,6
23396,1
23399,13
23401,6
23403,19
23406,13
23409,5
23414,6
23415,15
23416,11
23418,16
23422,7
23424,19
23426,5
23429,16
23436,8
23437,7
23442,15
23443,20
23444,16
23446,18
23448,11
23451,2
23456,1
23462,20
23465,13
23468,2
23470,17
23476,20
23477,7
23481,3
23484,16
23492,17
23497,4
23508,6
23512,5
23514,10
23515,10
23516,10
23524,12
23526,16
23528,3
23530,12
23533,11
23535,12
23545,3
23546,13
23553,12
23554,1
23555,11
23560,16
23563,1
23565,10
23569,20
23570,14
23572,18
23584,4
23585,11
23588,11
23591,18
23594,10
23600,1
23607,1
23613,14
23617,5
23621,5
23622,19
23623,11
23626,4
23627,18
23628,16
23629,6
23630,2
23631,4
23636,4
23637,17
23640,1
23642,2
23646,10
23648,14
23649,11
23650,17
23652,16
23653,18
23655,5
23657,9
23663,14
23665,11
23669,12
23673,1
23674,9
23678,15
23679,10
23680,11
23685,18
23687,11
23696,5
23697,18
23699,11
23700,5
23702,15
23703,6
23704,9
23706,2
23707,13
23708,10
23709,8
23710,15
23711,14
23713,20
23717,4
23718,3
23721,4
23726,12
23731,2
23739,11
23744,19
23745,12
23746,3
23748,11
23750,12
23752,9
23753,1
23759,3
23762,6
23765,4
23767,18
23771,11
23773,3
23774,2
23776,5
23779,9
23782,5
23783,10
23789,7
23792,18
23797,8
23809,14
23810,4
23813,17
23823,6
23825,6
23826,17
23829,20
23830,10
23831,20
23834,2
23837,9
23839,12
23840,19
23841,7
23843,11
23844,5
23846,13
23847,9
23848,13
23849,10
23851,13
23858,8
23859,11
23860,3
23864,6
23865,13
23870,18
23871,3
23875,3
23876,2
23888,18
23890,3
23891,3
23892,12
23893,5
23895,9
23898,1
23899,18
23901,20
23903,2
23906,9
23907,14
23908,8
23909,13
23911,15
23913,17
23915,14
23916,5
23917,10
23920,2
23922,20
23923,11
23924,15
23934,18
23935,3
23937,5
23938,5
23939,20
23940,10
23941,7
23944,4
23946,1
23949,17
23952,10
23954,1
23955,17
23956,12
23957,6
23960,2
23961,5
23962,9
23964,12
23966,1
23969,8
23971,19
23973,11
23976,10
23979,10
23983,6
23984,17
23986,13
23991,12
23992,18
23998,5
24000,1
